,start,End,Start
0,,2021-01-18 20:30:58.185919,2021-01-18 20:30:58.153534
1,,2021-01-18 20:30:58.311653,2021-01-18 20:30:58.280063
2,,2021-01-18 20:31:04.448019,2021-01-18 20:31:04.417299
3,,2021-01-18 20:31:04.542241,2021-01-18 20:31:04.479284
4,,2021-01-18 20:31:05.011218,2021-01-18 20:31:04.919397
5,,2021-01-18 20:31:05.985120,2021-01-18 20:31:05.779512
6,,2021-01-18 20:31:06.108597,2021-01-18 20:31:06.046322
7,,2021-01-18 20:31:06.186178,2021-01-18 20:31:06.155115
8,,2021-01-18 20:31:06.310681,2021-01-18 20:31:06.249473
9,,2021-01-18 20:31:07.511622,2021-01-18 20:31:07.280795
10,,2021-01-18 20:31:07.652267,2021-01-18 20:31:07.542221
11,,2021-01-18 20:31:07.917055,2021-01-18 20:31:07.713542
